{
  "Non-ASCII Anti Aliased" : true,
  "Ansi 15 Color (Dark)" : {
    "Red Component" : 0.55686274509803924,
    "Color Space" : "sRGB",
    "Blue Component" : 0.55686274509803924,
    "Alpha Component" : 1,
    "Green Component" : 0.55686274509803924
  },
  "Foreground Color (Dark)" : {
    "Red Component" : 0.73333333333333328,
    "Color Space" : "sRGB",
    "Blue Component" : 0.73333333333333328,
    "Alpha Component" : 1,
    "Green Component" : 0.73333333333333328
  },
  "Cursor Text Color" : {
    "Red Component" : 0,
    "Color Space" : "sRGB",
    "Blue Component" : 0,
    "Alpha Component" : 1,
    "Green Component" : 0
  },
  "Smart Cursor Color" : false,
  "Prompt Before Closing 2" : false,
  "Ansi 3 Color (Dark)" : {
    "Red Component" : 0.71764705882352942,
    "Color Space" : "sRGB",
    "Blue Component" : 0.39215686274509798,
    "Alpha Component" : 1,
    "Green Component" : 0.49411764705882361
  },
  "Ansi 12 Color (Dark)" : {
    "Red Component" : 0.38039215686274508,
    "Color Space" : "sRGB",
    "Blue Component" : 0.85490196078431369,
    "Alpha Component" : 1,
    "Green Component" : 0.6705882352941176
  },
  "Mouse Reporting" : true,
  "Use Underline Color (Light)" : false,
  "Disable Window Resizing" : false,
  "BM Growl" : true,
  "Background Color (Dark)" : {
    "Red Component" : 0.098039215686274495,
    "Color Space" : "sRGB",
    "Blue Component" : 0.098039215686274495,
    "Alpha Component" : 1,
    "Green Component" : 0.098039215686274495
  },
  "Guid" : "189AB921-3932-4F53-A546-E7B9728FFA7D",
  "Cursor Color (Dark)" : {
    "Red Component" : 0.78823529411764703,
    "Color Space" : "sRGB",
    "Blue Component" : 0.78823529411764703,
    "Alpha Component" : 1,
    "Green Component" : 0.78823529411764703
  },
  "Selection Color (Dark)" : {
    "Red Component" : 0.25098039215686269,
    "Color Space" : "sRGB",
    "Blue Component" : 0.25098039215686269,
    "Alpha Component" : 1,
    "Green Component" : 0.25098039215686269
  },
  "Scrollback Lines" : 1000,
  "Badge Color (Dark)" : {
    "Red Component" : 0.40784313725490201,
    "Color Space" : "sRGB",
    "Blue Component" : 0.40784313725490201,
    "Alpha Component" : 1,
    "Green Component" : 0.40784313725490201
  },
  "Faint Text Alpha" : 0.50095813679245282,
  "Ansi 0 Color (Dark)" : {
    "Red Component" : 0.098039215686274495,
    "Color Space" : "sRGB",
    "Blue Component" : 0.098039215686274495,
    "Alpha Component" : 1,
    "Green Component" : 0.098039215686274495
  },
  "Transparency" : 0,
  "Tab Color (Dark)" : {
    "Red Component" : 0.098039215686274495,
    "Color Space" : "sRGB",
    "Blue Component" : 0.098039215686274495,
    "Alpha Component" : 1,
    "Green Component" : 0.098039215686274495
  },
  "Use Bright Bold" : true,
  "Horizontal Spacing" : 1,
  "Ansi 13 Color (Light)" : {
    "Green Component" : "0.4980392",
    "Blue Component" : "0.6588235",
    "Red Component" : "0.6784314"
  },
  "Blur" : false,
  "Ansi 13 Color" : {
    "Red Component" : 0.8821563720703125,
    "Color Space" : "sRGB",
    "Blue Component" : 0.8821563720703125,
    "Alpha Component" : 1,
    "Green Component" : 0.4927266538143158
  },
  "Ansi 2 Color (Dark)" : {
    "Red Component" : 0.50588235294117645,
    "Color Space" : "sRGB",
    "Blue Component" : 0.41176470588235292,
    "Alpha Component" : 1,
    "Green Component" : 0.60784313725490191
  },
  "Cursor Color" : {
    "Red Component" : 0.99997633695602417,
    "Color Space" : "sRGB",
    "Blue Component" : 0.99998724460601807,
    "Alpha Component" : 1,
    "Green Component" : 1
  },
  "Use Cursor Guide (Light)" : false,
  "Option Key Sends" : 2,
  "Idle Code" : 0,
  "Ansi 13 Color (Dark)" : {
    "Red Component" : 0.81176470588235294,
    "Color Space" : "sRGB",
    "Blue Component" : 0.75686274509803919,
    "Alpha Component" : 1,
    "Green Component" : 0.52549019607843139
  },
  "Send Code When Idle" : false,
  "Selection Color" : {
    "Red Component" : 0.70196080207824707,
    "Color Space" : "sRGB",
    "Blue Component" : 1,
    "Alpha Component" : 1,
    "Green Component" : 0.84313726425170898
  },
  "Allow Paste Bracketing" : false,
  "Terminal Type" : "xterm-256color",
  "Cursor Boost (Dark)" : 0,
  "Right Option Key Sends" : 0,
  "Background Color" : {
    "Red Component" : 0.0806884765625,
    "Color Space" : "sRGB",
    "Blue Component" : 0.12103271484375,
    "Alpha Component" : 1,
    "Green Component" : 0.099111050367355347
  },
  "Ansi 10 Color (Dark)" : {
    "Red Component" : 0.54509803921568623,
    "Color Space" : "sRGB",
    "Blue Component" : 0.40784313725490201,
    "Alpha Component" : 1,
    "Green Component" : 0.68235294117647061
  },
  "Ansi 10 Color" : {
    "Red Component" : 0.3450070321559906,
    "Color Space" : "sRGB",
    "Blue Component" : 0.56541937589645386,
    "Alpha Component" : 1,
    "Green Component" : 0.9042816162109375
  },
  "Vertical Spacing" : 1.3,
  "Use Tab Color (Light)" : false,
  "Columns" : 80,
  "Ansi 2 Color (Light)" : {
    "Green Component" : "0.6039215999999999",
    "Blue Component" : "0.02352941",
    "Red Component" : "0.3058824"
  },
  "Screen" : -1,
  "Cursor Text Color (Dark)" : {
    "Red Component" : 0.098039215686274495,
    "Color Space" : "sRGB",
    "Blue Component" : 0.098039215686274495,
    "Alpha Component" : 1,
    "Green Component" : 0.098039215686274495
  },
  "Description" : "Default",
  "Unlimited Scrollback" : false,
  "Use Italic Font" : true,
  "Working Directory" : "\/Users\/ATAHER",
  "Selected Text Color (Dark)" : {
    "Red Component" : 0.73333333333333328,
    "Color Space" : "sRGB",
    "Blue Component" : 0.73333333333333328,
    "Alpha Component" : 1,
    "Green Component" : 0.73333333333333328
  },
  "Use Cursor Guide (Dark)" : false,
  "Visual Bell" : true,
  "Link Color (Light)" : {
    "Red Component" : 0.14513972401618958,
    "Color Space" : "P3",
    "Blue Component" : 0.7093239426612854,
    "Alpha Component" : 1,
    "Green Component" : 0.35333043336868286
  },
  "Ansi 1 Color (Dark)" : {
    "Red Component" : 0.87058823529411766,
    "Color Space" : "sRGB",
    "Blue Component" : 0.48627450980392162,
    "Alpha Component" : 1,
    "Green Component" : 0.43137254901960792
  },
  "Default Bookmark" : "No",
  "Ansi 14 Color (Light)" : {
    "Green Component" : "0.8862745",
    "Blue Component" : "0.8862745",
    "Red Component" : "0.2039216"
  },
  "Ansi 7 Color (Light)" : {
    "Red Component" : 0.85882352941176465,
    "Color Space" : "P3",
    "Blue Component" : 0.84705882352941175,
    "Alpha Component" : 1,
    "Green Component" : 0.87058823529411766
  },
  "Ansi 3 Color (Light)" : {
    "Green Component" : "0.627451",
    "Blue Component" : "0",
    "Red Component" : "0.7686275"
  },
  "Ansi 9 Color (Dark)" : {
    "Red Component" : 0.90980392156862744,
    "Color Space" : "sRGB",
    "Blue Component" : 0.5607843137254902,
    "Alpha Component" : 1,
    "Green Component" : 0.51372549019607838
  },
  "Badge Color (Light)" : {
    "Red Component" : 0.92929404973983765,
    "Color Space" : "P3",
    "Blue Component" : 0.13960540294647217,
    "Alpha Component" : 0.5,
    "Green Component" : 0.25479039549827576
  },
  "Ansi 14 Color (Dark)" : {
    "Red Component" : 0.396078431372549,
    "Color Space" : "sRGB",
    "Blue Component" : 0.75686274509803919,
    "Alpha Component" : 1,
    "Green Component" : 0.72156862745098038
  },
  "Tags" : [

  ],
  "Link Color (Dark)" : {
    "Red Component" : 0.38039215686274508,
    "Color Space" : "sRGB",
    "Blue Component" : 0.85490196078431369,
    "Alpha Component" : 1,
    "Green Component" : 0.6705882352941176
  },
  "Custom Command" : "No",
  "Jobs to Ignore" : [
    "rlogin",
    "ssh",
    "slogin",
    "telnet"
  ],
  "Use Non-ASCII Font" : false,
  "Custom Directory" : "No",
  "Use Selected Text Color (Light)" : true,
  "Bold Color (Light)" : {
    "Green Component" : "0",
    "Blue Component" : "0",
    "Red Component" : "0"
  },